year,country,doc_number
2024,JP,WO2024019146
2024,JP,WO2024019080
2024,JP,WO2024014489
2024,JP,WO2024014560
2024,JP,WO2024013918
2024,JP,WO2024009141
2024,JP,WO2024009976
2024,JP,WO2024009730
2024,JP,WO2024005208
2024,JP,WO2024005131
2024,JP,WO2024018964
2024,JP,WO2024004528
2024,JP,WO2024009729
2024,JP,WO2024004527
2024,JP,WO2024013950
2024,JP,WO2024004747
2024,JP,WO2024013805
2024,JP,WO2024018322
2024,JP,WO2024010050
2024,JP,WO2024004923
2024,JP,WO2024004064
2024,JP,WO2024004009
2024,IL,306085
2024,IL,308425
2024,PH,22024050004
2024,PH,22024050002
2024,PH,22023550015
2024,PH,22023051632
2024,PH,22023051539
2024,PH,22023051437
2024,PH,22023050051
2024,PH,22022051363
2024,PH,22022051176
2024,PH,22022050599
2024,PH,22022050197
2024,PH,22022050148
2024,PH,22022050091
2024,PH,22020050921
2024,JP,WO2024004371
2024,JP,WO2024013807
2024,JP,WO2024010019
2024,PH,22023051271
2024,PH,22023051218
2024,PH,22023051216
2024,PH,22023051153
2024,PH,22023050409
2024,PH,22023050272
2024,PH,22023050083
2024,PH,22022051231
2024,PH,22022050617
2024,PH,22022050267
2024,PH,22022050108
2024,PH,22021050879
2024,PH,22021050735
2024,PH,22020050694
2024,IN,202241040931
2024,IN,202221038828
2024,JP,WO2024019166
2024,JP,WO2024019167
2024,JP,WO2024019165
2024,JP,WO2024019145
2024,JP,WO2024019163
2024,JP,WO2024019143
2024,JP,WO2024018796
2024,JP,WO2024018801
2024,JP,WO2024018798
2024,JP,WO2024018313
2024,JP,WO2024018317
2024,JP,WO2024019141
2024,JP,WO2024019054
2024,JP,WO2024019077
2024,JP,WO2024019180
2024,JP,WO2024018248
2024,JP,WO2024019179
2024,JP,WO2024018247
2024,JP,WO2024019173
2024,JP,WO2024019004
2024,JP,WO2024019049
2024,JP,WO2024018626
2024,JP,WO2024019133
2024,JP,WO2024019020
2024,JP,WO2024018936
2024,JP,WO2024019137
2024,JP,WO2024018615
2024,JP,WO2024019090
2024,JP,WO2024019084
2024,JP,WO2024018949
2024,JP,WO2024018902
2024,JP,WO2024019132
2024,JP,WO2024018618
2024,JP,WO2024019130
2024,JP,WO2024019081
2024,JP,WO2024018959
2024,JP,WO2024018970
2024,JP,WO2024018927
2024,JP,WO2024018918
2024,JP,WO2024019123
2024,JP,WO2024018920
2024,JP,WO2024019117
2024,JP,WO2024018865
2024,JP,WO2024019107
2024,JP,WO2024018892
2024,JP,WO2024019106
2024,JP,WO2024018744
2024,JP,WO2024019113
2024,JP,WO2024018997
2024,JP,WO2024018827
2024,JP,WO2024019006
2024,JP,WO2024018941
2024,JP,WO2024019105
2024,JP,WO2024018782
2024,JP,WO2024018822
2024,JP,WO2024018907
2024,JP,WO2024018809
2024,JP,WO2024018795
2024,JP,WO2024018737
2024,JP,WO2024018641
2024,JP,WO2024019088
2024,JP,WO2024018638
2024,JP,WO2024018643
2024,JP,WO2024019075
2024,JP,WO2024018625
2024,JP,WO2024018766
2024,JP,WO2024018620
2024,JP,WO2024018610
2024,JP,WO2024018639
2024,JP,WO2024018629
2024,JP,WO2024018894
2024,JP,WO2024018609
2024,JP,WO2024018619
2024,JP,WO2024014111
2024,JP,WO2024018653
2024,JP,WO2024018816
2024,JP,WO2024019091
2024,JP,WO2024018810
2024,JP,WO2024019072
2024,JP,WO2024018815
2024,JP,WO2024009645
2024,JP,WO2024004385
2024,JP,WO2024009372
2024,JP,WO2024018842
2024,JP,WO2024013960
2024,JP,WO2024019069
2024,JP,WO2024013826
2024,JP,WO2024013962
2024,JP,WO2024013963
2024,JP,WO2024019172
2024,JP,WO2024018814
2024,JP,WO2024018818
2024,JP,WO2024018843
2024,JP,WO2024019174
2024,JP,WO2024019171
2024,JP,WO2024019170
2024,JP,WO2024019169
2024,JP,WO2024019010
2024,JP,WO2024018955
2024,JP,WO2024019082
2024,JP,WO2024019021
2024,JP,WO2024018924
2024,JP,WO2024018993
2024,JP,WO2024018974
2024,JP,WO2024018962
2024,JP,WO2024018976
2024,JP,WO2024018960
2024,JP,WO2024019029
2024,JP,WO2024019024
2024,JP,WO2024019097
2024,JP,WO2024018982
2024,JP,WO2024019073
2024,JP,WO2024019120
2024,JP,WO2024019060
2024,JP,WO2024019014
2024,JP,WO2024019002
2024,JP,WO2024019062
2024,JP,WO2024014555
2024,JP,WO2024014367
2024,JP,WO2024014542
2024,JP,WO2024014537
2024,JP,WO2024018906
2024,JP,WO2024018804
2024,JP,WO2024014534
2024,JP,WO2024018717
2024,JP,WO2024014530
2024,JP,WO2024014529
2024,JP,WO2024018731
2024,JP,WO2024014525
2024,JP,WO2024014524
2024,JP,WO2024014512
2024,JP,WO2024014533
2024,JP,WO2024018727
2024,JP,WO2024018691
2024,JP,WO2024018945
2024,JP,WO2024018603
2024,JP,WO2024014528
2024,JP,WO2024014526
2024,JP,WO2024018596
2024,JP,WO2024018516
2024,JP,WO2024014561
2024,JP,WO2024014506
2024,JP,WO2024014508
2024,JP,WO2024014510
2024,JP,WO2024014511
2024,JP,WO2024014504
2024,JP,WO2024014503
2024,JP,WO2024014475
2024,JP,WO2024014488
2024,JP,WO2024038802
2024,JP,WO2024038798
2024,JP,WO2024038740
2024,JP,WO2024038746
2024,JP,WO2024038800
2024,JP,WO2024038736
2024,JP,WO2024038784
2024,JP,WO2024038739
2024,JP,WO2024038733
2024,JP,WO2024038738
2024,JP,WO2024038722
2024,JP,WO2024038705
2024,JP,WO2024038872
2024,JP,WO2024038776
2024,JP,WO2024038806
2024,JP,WO2024038867
2024,JP,WO2024038874
2024,JP,WO2024038805
2024,JP,WO2024038893
2024,JP,WO2024038721
2024,JP,WO2024038861
2024,JP,WO2024038825
2024,JP,WO2024038860
2024,JP,WO2024034207
2024,JP,WO2024034361
2024,JP,WO2024038747
2024,JP,WO2024034360
2024,JP,WO2024033739
2024,JP,WO2024033742
2024,JP,WO2024033737
2024,JP,WO2024038918
2024,JP,WO2024038909
2024,JP,WO2024038905
2024,JP,WO2024029299
2024,JP,WO2024024722
2024,JP,WO2024038907
2024,JP,WO2024038904
2024,JP,WO2024024932
2024,JP,WO2024038901
2024,JP,WO2024038897
2024,JP,WO2024038894
2024,JP,WO2024038895
2024,JP,WO2024038902
2024,JP,WO2024038900
2024,JP,WO2024038887
2024,JP,WO2024038854
2024,JP,WO2024038857
2024,JP,WO2024038853
2024,JP,WO2024038848
2024,JP,WO2024038846
2024,JP,WO2024038843
2024,JP,WO2024038845
2024,JP,WO2024038706
2024,JP,WO2024038692
2024,JP,WO2024038688
2024,JP,WO2024038847
2024,JP,WO2024038659
2024,JP,WO2024038674
2024,JP,WO2024038810
2024,JP,WO2024038660
2024,JP,WO2024038661
2024,JP,WO2024038654
2024,JP,WO2024034333
2024,JP,WO2024038842
2024,JP,WO2024038616
2024,JP,WO2024038829
2024,JP,WO2024038617
2024,JP,WO2024038841
2024,JP,WO2024038607
2024,JP,WO2024038642
2024,JP,WO2024038821
2024,JP,WO2024038615
2024,JP,WO2024038818
2024,JP,WO2024038586
2024,JP,WO2024038598
2024,JP,WO2024038593
2024,JP,WO2024038819
2024,JP,WO2024038816
2024,JP,WO2024038587
2024,JP,WO2024038538
2024,JP,WO2024038815
2024,JP,WO2024038803
2024,JP,WO2024038693
2024,JP,WO2024038804
2024,JP,WO2024038590
2024,JP,WO2024038571
2024,JP,WO2024038551
2024,JP,WO2024038572
2024,JP,WO2024038886
2024,JP,WO2024038545
2024,JP,WO2024038533
2024,JP,WO2024038537
2024,JP,WO2024038535
2024,JP,WO2024038881
2024,JP,WO2024034662
2024,JP,WO2024034664
2024,JP,WO2024038768
2024,JP,WO2024038770
2024,JP,WO2024034280
2024,JP,WO2024034276
2024,JP,WO2024034270
2024,JP,WO2024034680
2024,JP,WO2024034264
2024,JP,WO2024034246
2024,JP,WO2024034330
2024,JP,WO2024034684
2024,JP,WO2024034316
2024,JP,WO2024034626
2024,JP,WO2024034624
2024,JP,WO2024034622
2024,JP,WO2024034568
2024,JP,WO2024034545
2024,JP,WO2024034521
2024,JP,WO2024034514
2024,JP,WO2024034656
2024,JP,WO2024034569
2024,JP,WO2024034499
2024,JP,WO2024034566
2024,JP,WO2024034639
2024,JP,WO2024034506
2024,JP,WO2024034438
2024,JP,WO2024034567
2024,JP,WO2024034559
2024,JP,WO2024034667
2024,JP,WO2024034481
2024,JP,WO2024034444
2024,JP,WO2024034384
2024,JP,WO2024038531
2024,JP,WO2024034445
2024,JP,WO2024034253
2024,JP,WO2024034387
2024,JP,WO2024034389
2024,JP,WO2024034448
2024,JP,WO2024034422
2024,JP,WO2024034421
2024,JP,WO2024034394
2024,JP,WO2024034463
2024,JP,WO2024034637
2024,JP,WO2024034443
2024,JP,WO2024034533
2024,JP,WO2024034619
2024,JP,WO2024034534
2024,JP,WO2024034651
2024,JP,WO2024034618
2024,JP,WO2024034562
2024,JP,WO2024034546
2024,JP,WO2024034518
2024,JP,WO2024034611
2024,JP,WO2024034630
2024,JP,WO2024034636
2024,JP,WO2024034621
2024,JP,WO2024034483
2024,JP,WO2024034532
2024,JP,WO2024034638
2024,JP,WO2024034418
2024,JP,WO2024034604
2024,JP,WO2024038799
2024,JP,WO2024034412
2024,JP,WO2024034640
2024,JP,WO2024034616
2024,JP,WO2024038781
2024,JP,WO2024034404
2024,JP,WO2024034537
2024,JP,WO2024038780
2024,JP,WO2024034556
2024,JP,WO2024034543
2024,JP,WO2024034593
2024,JP,WO2024034520
2024,JP,WO2024034633
2024,JP,WO2024034555
2024,JP,WO2024034627
2024,JP,WO2024034634
2024,JP,WO2024034508
2024,JP,WO2024034522
2024,JP,WO2024034646
2024,JP,WO2024034496
2024,JP,WO2024034492
2024,JP,WO2024034437
2024,JP,WO2024034488
2024,JP,WO2024034553
2024,JP,WO2024034625
2024,JP,WO2024038792
2024,JP,WO2024034581
2024,JP,WO2024038775
2024,JP,WO2024034558
2024,JP,WO2024038730
2024,JP,WO2024034572
2024,JP,WO2024034469
2024,JP,WO2024038694
2024,JP,WO2024034359
2024,JP,WO2024034591
2024,JP,WO2024038790
2024,JP,WO2024034413
2024,JP,WO2024038732
2024,JP,WO2024034369
2024,JP,WO2024038772
2024,JP,WO2024034632
2024,JP,WO2024038556
2024,JP,WO2024034267
2024,JP,WO2024034608
2024,JP,WO2024038608
2024,JP,WO2024038726
2024,JP,WO2024034576
2024,JP,WO2024038685
2024,JP,WO2024034575
2024,JP,WO2024034325
2024,JP,WO2024062831
2024,JP,WO2024062603
2024,JP,WO2024062575
2024,JP,WO2024057725
2024,JP,WO2024057508
2024,JP,WO2024057514
2024,JP,WO2024047974
2024,JP,WO2024057492
2024,JP,WO2024057490
2024,JP,WO2024053430
2024,JP,WO2024048109
2024,JP,WO2024053694
2024,JP,WO2024047822
2024,JP,WO2024062935
2024,JP,WO2024047794
2024,JP,WO2024047744
2024,JP,WO2024053206
2024,JP,WO2024053103
2024,JP,WO2024058096
2024,JP,WO2024053316
2024,JP,WO2024058016
2024,JP,WO2024057834
2024,JP,WO2024062723
2024,JP,WO2024053011
2024,JP,WO2024057773
2024,JP,WO2024053021
2024,JP,WO2024062559
2024,JP,WO2024053315
2024,JP,WO2024053102
2024,JP,WO2024053010
2024,JP,WO2024053045
2024,JP,WO2024047840
2024,JP,WO2024048686
2024,JP,WO2024047790
2024,JP,WO2024047788
2024,JP,WO2024047787
2024,JP,WO2024048523
2024,JP,WO2024048775
2024,JP,WO2024048673
2024,JP,WO2024048770
2024,JP,WO2024052990
2024,JP,WO2024048629
2024,JP,WO2024048674
2024,JP,WO2024047793
2024,JP,WO2024047748
2024,JP,WO2024047747
2024,JP,WO2024048637
2024,JP,WO2024048675
2024,JP,WO2024048470
2024,JP,WO2024048365
2024,JP,WO2024048601
2024,JP,WO2024048636
2024,JP,WO2024048326
2024,JP,WO2024048319
2024,JP,WO2024048394
2024,JP,WO2024048316
2024,JP,WO2024048269
2024,JP,WO2024048307
2024,JP,WO2024048186
2024,JP,WO2024048257
2024,JP,WO2024048256
2024,JP,WO2024048158
2024,JP,WO2024048154
2024,JP,WO2024062532
2024,JP,WO2024058181
2024,JP,WO2024057456
2024,JP,WO2024048004
2024,JP,WO2024047853
2024,JP,WO2024047899
2024,JP,WO2024047854
2024,JP,WO2024047824
2024,JP,WO2024047825
2024,JP,WO2024057462
2024,JP,WO2024057428
2024,JP,WO2024047712
2024,JP,WO2024053665
2024,JP,WO2024048721
2024,JP,WO2024048751
2024,JP,WO2024048578
2024,JP,WO2024048005
2024,JP,WO2024058027
2024,JP,WO2024047786
2024,JP,WO2024048577
2024,JP,WO2024047761
2024,JP,WO2024047741
2024,JP,WO2024062709
2024,JP,WO2024062751
2024,JP,WO2024053086
2024,JP,WO2024048438
2024,JP,WO2024048579
2024,JP,WO2024047995
2024,JP,WO2024062772
2024,JP,WO2024047917
2024,JP,WO2024052965
2024,JP,WO2024047913
2024,JP,WO2024062752
2024,JP,WO2024048655
2024,JP,WO2024053617
2024,JP,WO2024062554
2024,JP,WO2024048233
2024,JP,WO2024053025
2024,JP,WO2024047823
2024,JP,WO2024062567
2024,JP,WO2024053326
2024,JP,WO2024048166
2024,JP,WO2024048332
2024,JP,WO2024047735
2024,JP,WO2024048235
2024,JP,WO2024062684
2024,JP,WO2024062560
2024,JP,WO2024048375
2024,JP,WO2024048010
2024,JP,WO2024062735
2024,JP,WO2024062734
2024,JP,WO2024057513
2024,JP,WO2024047829
2024,JP,WO2024062707
2024,JP,WO2024057397
2024,JP,WO2024063053
2024,JP,WO2024057482
2024,JP,WO2024062708
2024,JP,WO2024062537
2024,JP,WO2024048567
2024,JP,WO2024053074
2024,JP,WO2024048651
2024,JP,WO2024057418
2024,JP,WO2024057455
2024,JP,WO2024048377
2024,JP,WO2024053740
2024,JP,WO2024053669
2024,JP,WO2024048584
2024,JP,WO2024053741
2024,JP,WO2024048049
2024,JP,WO2024053339
2024,JP,WO2024047804
2024,JP,WO2024047879
2024,JP,WO2024047973
2024,JP,WO2024047839
2024,JP,WO2024053108
2024,JP,WO2024053113
2024,JP,WO2024048201
2024,JP,WO2024053109
2024,JP,WO2024047785
2024,JP,WO2024057401
2024,JP,WO2024048672
2024,JP,WO2024048568
2024,JP,WO2024048477
2024,JP,WO2024048566
2024,JP,WO2024048426
2024,JP,WO2024048757
2024,JP,WO2024048376
2024,JP,WO2024047750
2024,PH,22024050134
2024,PH,22024050133
2024,NO,20231124
2024,JP,WO2024057930
2024,JP,WO2024057385
2024,JP,WO2024062732
2024,JP,WO2024062628
2024,JP,WO2024062726
2024,JP,WO2024062733
2024,JP,WO2024063128
2024,JP,WO2024062729
2024,JP,WO2024053283
2024,JP,WO2024053256
2024,JP,WO2024062969
2024,JP,WO2024063099
2024,JP,WO2024063098
2024,JP,WO2024053736
2024,JP,WO2024053239
2024,JP,WO2024058031
2024,JP,WO2024053101
2024,JP,WO2024057423
2024,JP,WO2024052973
2024,JP,WO2024048445
2024,JP,WO2024052996
2024,JP,WO2024052974
2024,JP,WO2024048508
2024,JP,WO2024047716
2024,JP,WO2024047737
2024,JP,WO2024053009
2024,JP,WO2024048075
2024,JP,WO2024047766
2024,JP,WO2024062533
2024,JP,WO2024062626
2024,JP,WO2024053605
2024,JP,WO2024053436
2024,JP,WO2024048236
2024,JP,WO2024048431
2024,JP,WO2024057714
2024,PH,22024050070
2024,PH,22023051285
2024,JP,WO2024047770
2024,JP,WO2024058226
2024,JP,WO2024058264
2024,JP,WO2024047691
2024,JP,WO2024057389
2024,JP,WO2024047732
2024,JP,WO2024063136
2024,JP,WO2024062662
2024,JP,WO2024058272
2024,JP,WO2024062921
2024,JP,WO2024058271
2024,JP,WO2024063127
2024,JP,WO2024058225
2024,JP,WO2024058269
2024,JP,WO2024070242
2024,JP,WO2024070236
2024,JP,WO2024070214
2024,JP,WO2024070234
2024,JP,WO2024085010
2024,JP,WO2024080234
2024,JP,WO2024069691
2024,JP,WO2024069712
2024,JP,WO2024084743
2024,JP,WO2024080332
2024,JP,WO2024069692
2024,JP,WO2024084566
2024,JP,WO2024075260
2024,JP,WO2024075210
2024,JP,WO2024075234
2024,JP,WO2024075417
2024,JP,WO2024075296
2024,JP,WO2024075748
2024,JP,WO2024075293
2024,JP,WO2024075441
2024,JP,WO2024079865
2024,JP,WO2024079787
2024,JP,WO2024079859
2024,JP,WO2024071345
2024,JP,WO2024070710
2024,JP,WO2024070262
2024,JP,WO2024070413
2024,JP,WO2024070415
2024,JP,WO2024070657
2024,JP,WO2024071409
2024,JP,WO2024070774
2024,JP,WO2024075428
2024,JP,WO2024071343
2024,JP,WO2024084728
2024,JP,WO2024070144
2024,JP,WO2024075828
2024,JP,WO2024079884
2024,JP,WO2024084684
2024,JP,WO2024084577
2024,JP,WO2024071064
2024,JP,WO2024069799
2024,JP,WO2024079785
2024,JP,WO2024070393
2024,JP,WO2024070856
2024,JP,WO2024070561
2024,JP,WO2024071045
2024,JP,WO2024070269
2024,JP,WO2024070181
2024,JP,WO2024070032
2024,JP,WO2024075621
2024,JP,WO2024075427
2024,JP,WO2024075294
2024,JP,WO2024075291
2024,JP,WO2024075288
2024,JP,WO2024085256
2024,JP,WO2024079991
2024,JP,WO2024080307
2024,JP,WO2024079842
2024,JP,WO2024069734
2024,JP,WO2024069685
2024,JP,WO2024070297
2024,JP,WO2024071430
2024,JP,WO2024070301
2024,JP,WO2024084639
2024,JP,WO2024085162
2024,JP,WO2024085124
2024,JP,WO2024080291
2024,JP,WO2024084549
2024,JP,WO2024084551
2024,JP,WO2024070300
2024,JP,WO2024084552
2024,JP,WO2024071431
2024,JP,WO2024071434
2024,JP,WO2024071156
2024,JP,WO2024070437
2024,JP,WO2024071159
2024,JP,WO2024071158
2024,JP,WO2024070286
2024,JP,WO2024070010
2024,JP,WO2024070923
2024,JP,WO2024071248
2024,JP,WO2024071245
2024,PH,22023050156
2024,JP,WO2024069720
2024,JP,WO2024071016
2024,JP,WO2024079829
2024,JP,WO2024075269
2024,JP,WO2024085255
2024,JP,WO2024080066
2024,JP,WO2024070552
2024,JP,WO2024070528
2024,JP,WO2024070302
2024,JP,WO2024079945
2024,JP,WO2024070299
2024,JP,WO2024070171
2024,JP,WO2024070593
2024,JP,WO2024070675
2024,JP,WO2024070298
2024,JP,WO2024070067
2024,JP,WO2024070063
2024,JP,WO2024069851
2024,IN,202241057085
2024,JP,WO2024075149
2024,JP,WO2024075251
2024,JP,WO2024080361
2024,JP,WO2024069688
2024,JP,WO2024079885
2024,JP,WO2024069704
2024,JP,WO2024075501
2024,JP,WO2024084700
2024,JP,WO2024075388
2024,JP,WO2024084356
2024,JP,WO2024079598
2024,JP,WO2024069705
2024,JP,WO2024075442
2024,JP,WO2024075280
2024,JP,WO2024084357
2024,JP,WO2024070822
2024,JP,WO2024071261
2024,JP,WO2024070368
2024,JP,WO2024084308
2024,JP,WO2024070027
2024,JP,WO2024069729
2024,JP,WO2024084599
2024,JP,WO2024084781
2024,JP,WO2024069674
2024,JP,WO2024085194
2024,JP,WO2024069877
2024,JP,WO2024069876
2024,JP,WO2024069710
2024,JP,WO2024084571
2024,JP,WO2024070255
2024,JP,WO2024069779
2024,JP,WO2024084538
2024,JP,WO2024070988
2024,JP,WO2024084856
2024,JP,WO2024075247
2024,JP,WO2024069757
2024,JP,WO2024069871
2024,JP,WO2024085121
2024,JP,WO2024084636
2024,JP,WO2024070518
2024,JP,WO2024084673
2024,JP,WO2024069763
2024,JP,WO2024075243
2024,JP,WO2024084846
2024,JP,WO2024070065
2024,JP,WO2024084650
2024,JP,WO2024069925
2024,JP,WO2024071161
2024,MY,202168
2024,MY,202486
2024,MY,202083
2024,MY,202329
2024,JP,WO2024069271
2024,JP,WO2024069264
2024,JP,WO2024069266
2024,JP,WO2024075222
2024,JP,WO2024069743
2024,JP,WO2024075307
2024,JP,WO2024080075
2024,JP,WO2024085254
2024,JP,WO2024079977
2024,JP,WO2024075560
2024,JP,WO2024084690
2024,JP,WO2024080267
2024,JP,WO2024080268
2024,JP,WO2024069270
2024,JP,WO2024084711
2024,JP,WO2024079830
2024,JP,WO2024084701
2024,JP,WO2024075147
2024,JP,WO2024069267
2024,IL,311172
2024,IL,311327
2024,PH,12021552961
2024,JP,WO2024084620
2024,JP,WO2024085202
2024,JP,WO2024070827
2024,JP,WO2024069678
2024,JP,WO2024070722
2024,JP,WO2024070040
2024,JP,WO2024085223
2024,JP,WO2024080151
2024,JP,WO2024080152
2024,JP,WO2024080099
2024,JP,WO2024080150
2024,JP,WO2024084773
2024,JP,WO2024084751
2024,JP,WO2024070248
2024,JP,WO2024084654
2024,JP,WO2024069818
2024,JP,WO2024070246
2024,JP,WO2024070721
2024,JP,WO2024070283
2024,JP,WO2024075549
2024,JP,WO2024070245
2024,JP,WO2024070247
2024,JP,WO2024069675
2024,PH,32023051102
2024,PH,32023050978
2024,PH,32023050900
2024,PH,32023051062
2024,PH,32023050993
2024,PH,32023051147
2024,PH,32023051155
2024,JP,WO2024089866
2024,JP,WO2024111210
2024,JP,WO2024105730
2024,JP,WO2024106327
2024,JP,WO2024106058
2024,JP,WO2024101157
2024,JP,WO2024100973
2024,JP,WO2024111306
2024,JP,WO2024101158
2024,JP,WO2024106441
2024,JP,WO2024106347
2024,JP,WO2024111494
2024,JP,WO2024111495
2024,JP,WO2024095990
2024,JP,WO2024096098
2024,JP,WO2024095700
2024,JP,WO2024095566
2024,JP,WO2024095482
2024,JP,WO2024095331
2024,JP,WO2024089880
2024,JP,WO2024089948
2024,JP,WO2024100789
2024,JP,WO2024095475
2024,JP,WO2024090162
2024,JP,WO2024106370
2024,JP,WO2024090054
2024,JP,WO2024111114
2024,JP,WO2024111072
2024,JP,WO2024105931
2024,JP,WO2024095531
2024,JP,WO2024105841
2024,JP,WO2024101192
2024,JP,WO2024096016
2024,JP,WO2024105826
2024,JP,WO2024096015
2024,JP,WO2024100740
2024,JP,WO2024089872
2024,JP,WO2024095561
2024,JP,WO2024111207
2024,NO,20240559
2024,JP,WO2024106483
2024,JP,WO2024101101
2024,JP,WO2024106341
2024,JP,WO2024095809
2024,JP,WO2024111252
2024,JP,WO2024101061
2024,JP,WO2024096075
2024,JP,WO2024090097
2024,JP,WO2024111348
2024,JP,WO2024111303
2024,JP,WO2024105832
2024,JP,WO2024101217
2024,JP,WO2024090419
2024,JP,WO2024095315
2024,IL,310170
2024,IL,311849
2024,JP,WO2024101382
2024,JP,WO2024111325
2024,JP,WO2024105932
2024,JP,WO2024106456
2024,JP,WO2024100701
2024,JP,WO2024090204
2024,JP,WO2024095729
2024,JP,WO2024095927
2024,JP,WO2024089954
2024,JP,WO2024089772
2024,JP,WO2024090026
2024,JP,WO2024100853
2024,JP,WO2024089955
2024,JP,WO2024101142
2024,NO,20240573
2024,NO,20240572
2024,JP,WO2024095767
2024,JP,WO2024095514
2024,JP,WO2024090586
2024,JP,WO2024111365
2024,JP,WO2024090049
2024,JP,WO2024106202
2024,JP,WO2024101177
2024,JP,WO2024105994
2024,JP,WO2024106068
2024,JP,WO2024111092
2024,JP,WO2024101121
2024,JP,WO2024105823
2024,JP,WO2024100937
2024,JP,WO2024100699
2024,JP,WO2024095570
2024,JP,WO2024111109
2024,JP,WO2024106291
2024,JP,WO2024111130
2024,JP,WO2024100786
2024,JP,WO2024111129
2024,JP,WO2024111131
2024,JP,WO2024101013
2024,JP,WO2024106442
2024,JP,WO2024111594
2024,JP,WO2024089973
2024,JP,WO2024106544
2024,MY,202558
2024,MY,202854
2024,MY,202888
2024,MY,202916
2024,MY,202780
2024,MY,202589
2024,MY,202756
2024,MY,202550
2024,MY,202702
2024,MY,202775
2024,MY,202635
2024,MY,202553
2024,MY,202591
2024,MY,202814
2024,MY,202967
2024,JP,WO2024101380
2024,JP,WO2024096109
2024,JP,WO2024105815
2024,JP,WO2024100966
2024,JP,WO2024095778
2024,JP,WO2024095947
2024,JP,WO2024106203
2024,JP,WO2024090267
2024,JP,WO2024100878
2024,JP,WO2024095618
2024,JP,WO2024090131
2024,JP,WO2024089735
2024,JP,WO2024105937
2024,JP,WO2024111051
2024,JP,WO2024096086
2024,JP,WO2024090083
2024,JP,WO2024095594
2024,JP,WO2024101327
2024,JP,WO2024106240
2024,JP,WO2024090144
2024,JP,WO2024095395
2024,JP,WO2024089782
2024,JP,WO2024096114
2024,JP,WO2024111075
2024,JP,WO2024095424
2024,JP,WO2024101222
2024,JP,WO2024090486
2024,JP,WO2024106076
2024,JP,WO2024101003
2024,JP,WO2024106188
2024,PH,32023050758
2024,PH,32023050759
2024,PH,32020050153
2024,PH,32020000075
2024,PH,32021050284
2024,PH,32020000074
2024,PH,32021050283
2024,PH,32022050123
2024,PH,32022050124
2024,PH,32021051231
2024,PH,32022050125
2024,PH,32023050361
2024,PH,32022050117
2024,PH,32023050309
2024,PH,32021050670
2024,PH,32021050671
2024,PH,32021050667
2024,PH,32021050672
2024,PH,32021050669
2024,PH,32021050665
2024,PH,32020050407
2024,PH,32023050775
2024,PH,32023050940
2024,PH,32023050778
2024,PH,32023050777
2024,PH,32023050776
2024,PH,32020050152
2024,PH,32019001463
2024,PH,32019001176
2024,PH,32019001172
2024,PH,32020050155
2024,PH,32019000934
2024,PH,32020050154
2024,PH,32019001166
2024,PH,32020050648
2024,PH,32019001165
2024,PH,32023051334
2024,PH,32023051241
2024,PH,32023050908
2024,PH,32023051318
2024,PH,32023051210
2024,PH,32023051408
2024,PH,32023051246
2024,PH,32023051288
2024,PH,32023051209
2024,PH,32023051004
2024,PH,32023051342
2024,PH,32023051005
2024,PH,32023050997
2024,PH,32023051312
2024,PH,32023051230
2024,PH,32023050487
2024,PH,32023051256
2024,PH,32023051226
2024,PH,32023051254
2024,PH,32022051169
2024,PH,32023051240
2024,PH,32023051189
2024,PH,32023051376
2024,PH,32023051320
2024,PH,32023051355
2024,PH,32023051356
2024,PH,32023051180
2024,JP,WO2024116449
2024,JP,WO2024135830
2024,JP,WO2024135792
2024,JP,WO2024135598
2024,JP,WO2024134876
2024,JP,WO2024135205
2024,JP,WO2024134873
2024,JP,WO2024128275
2024,JP,WO2024122406
2024,JP,WO2024122123
2024,JP,WO2024117120
2024,JP,WO2024122387
2024,JP,WO2024116582
2024,JP,WO2024116523
2024,JP,WO2024121922
2024,JP,WO2024116546
2024,JP,WO2024122119
2024,JP,WO2024121984
2024,JP,WO2024122121
2024,JP,WO2024122118
2024,JP,WO2024122405
2024,JP,WO2024116477
2024,JP,WO2024116522
2024,JP,WO2024116490
2024,JP,WO2024117015
2024,JP,WO2024116331
2024,JP,WO2024122006
2024,JP,WO2024117192
2024,JP,WO2024116641
2024,JP,WO2024121931
2024,JP,WO2024116466
2024,JP,WO2024135171
2024,JP,WO2024134985
2024,JP,WO2024127990
2024,JP,WO2024127635
2024,JP,WO2024135710
2024,JP,WO2024134887
2024,JP,WO2024122033
2024,JP,WO2024116538
2024,JP,WO2024116465
2024,JP,WO2024116356
2024,JP,WO2024121995
2024,JP,WO2024122607
2024,JP,WO2024135191
2024,JP,WO2024135853
2024,JP,WO2024135298
2024,JP,WO2024116647
2024,JP,WO2024116230
2024,JP,WO2024127893
2024,JP,WO2024135641
2024,JP,WO2024117089
2024,JP,WO2024116560
2024,JP,WO2024117164
2024,JP,WO2024121945
2024,JP,WO2024116580
2024,JP,WO2024122262
2024,JP,WO2024116692
2024,JP,WO2024135554
2024,JP,WO2024127523
2024,JP,WO2024116294
2024,JP,WO2024127624
2024,JP,WO2024122261
2024,JP,WO2024135441
2024,JP,WO2024122263
2024,JP,WO2024122041
2024,JP,WO2024134861
2024,JP,WO2024127479
2024,JP,WO2024127633
2024,JP,WO2024128215
2024,JP,WO2024122103
2024,JP,WO2024128178
2024,JP,WO2024127959
2024,JP,WO2024127634
2024,JP,WO2024127739
2024,JP,WO2024116581
2024,JP,WO2024121979
2024,JP,WO2024116579
2024,JP,WO2024135429
2024,JP,WO2024122050
2024,JP,WO2024128156
2024,JP,WO2024116359
2024,MY,203069
2024,MY,203249
2024,MY,203481
2024,MY,203188
2024,MY,203364
2024,MY,203228
2024,MY,203362
2024,MY,203240
2024,MY,203324
2024,MY,203467
2024,MY,203372
2024,MY,203087
2024,JP,WO2024135310
2024,JP,WO2024122214
2024,JP,WO2024134750
2024,JP,WO2024122063
2024,JP,WO2024116411
2024,JP,WO2024121946
2024,JP,WO2024121972
2024,JP,WO2024135605
2024,IL,311372
2024,JP,WO2024134815
2024,JP,WO2024116970
2024,JP,WO2024122541
2024,JP,WO2024122335
2024,JP,WO2024116366
2024,JP,WO2024135857
2024,JP,WO2024127458
2024,JP,WO2024128072
2024,JP,WO2024121934
2024,JP,WO2024122334
2024,JP,WO2024122266
2024,JP,WO2024117240
2024,JP,WO2024122485
2024,JP,WO2024116971
2024,JP,WO2024116351
2024,MA,61723
2024,MA,61888
2024,MA,65766
2024,MA,61709
2024,MA,62123
2024,MA,58187
2024,MA,61711
2024,MA,61707
2024,MA,61921
2024,MA,61507
2024,MA,61688
2024,MA,61510
2024,MA,60223
2024,MA,60224
2024,MA,61123
2024,MA,57599
2024,MA,59495
2024,MA,59389
2024,MA,45960
2024,MA,58718
2024,MA,58723
2024,MA,58654
2024,MA,59018
2024,MA,58903
2024,MA,58719
2024,MA,58716
2024,MA,59016
2024,MA,58997
2024,MA,59014
2024,MA,59020
2024,MA,58905
2024,MA,58999
2024,MA,58996
2024,MA,58992
2024,MA,58983
2024,MA,58897
2024,MA,58901
2024,MA,58900
2024,MA,58904
2024,MA,58892
2024,MA,58724
2024,MA,58721
2024,MA,58715
2024,MA,58891
2024,MA,65895
2024,MA,65767
2024,MA,63582
2024,MA,65031
2024,MA,66187
2024,MA,63136
2024,MA,58896
2024,MA,58725
2024,MA,58893
2024,MA,63495
2024,MA,58894
2024,MA,62932
2024,MA,58727
2024,MA,62922
2024,MA,58906
2024,JP,WO2024135791
2024,JP,WO2024122114
2024,JP,WO2024116345
2024,JP,WO2024134740
2024,JP,WO2024134862
2024,IN,202421037523
2024,PH,32023050451
2024,PH,32023050373
2024,PH,32023050950
2024,PH,32023050947
2024,PH,32023050948
2024,PH,32023050949
2024,PH,32023050719
2024,PH,32023050946
2024,PH,32023050186
2024,PH,32023051405
2024,PH,32023050537
2024,PH,32024050024
2024,PH,32023051371
2024,PH,32024050002
2024,PH,32023051358
2024,PH,32023051207
2024,PH,32023050954
2024,PH,32023051351
2024,PH,32023051349
2024,PH,32024050013
2024,PH,32023051289
2024,PH,32023051413
2024,PH,32023051368
2024,PH,32023051418
2024,JP,WO2024150648
2024,JP,WO2024150361
2024,JP,WO2024150428
2024,JP,WO2024150275
2024,JP,WO2024143522
2024,JP,WO2024147185
2024,JP,WO2024143523
2024,JP,WO2024154318
2024,JP,WO2024154308
2024,JP,WO2024154222
2024,JP,WO2024142937
2024,JP,WO2024142840
2024,JP,WO2024142365
2024,JP,WO2024142555
2024,JP,WO2024142364
2024,JP,WO2024142331
2024,JP,WO2024142348
2024,JP,WO2024150437
2024,JP,WO2024150355
2024,HK,30103699
2024,JP,WO2024142299
2024,JP,WO2024142400
2024,JP,WO2024142973
2024,JP,WO2024142270
2024,JP,WO2024154767
2024,JP,WO2024154574
2024,JP,WO2024142363
2024,NO,20250102
2024,JP,WO2024142816
2024,JP,WO2024142369
2024,JP,WO2024143290
2024,JP,WO2024142815
2024,JP,WO2024150476
2024,JP,WO2024142325
2024,JP,WO2024143153
2024,JP,WO2024142785
2024,JP,WO2024142740
2024,JP,WO2024143365
2024,JP,WO2024154204
2024,JP,WO2024143477
2024,JP,WO2024147209
2024,JP,WO2024150407
2024,JP,WO2024150368
2024,JP,WO2024147250
2024,JP,WO2024142165
2024,JP,WO2024143007
2024,IT,202300000330
2024,IT,202300000267
2024,IT,202300000042
2024,IT,202300000228
2024,IT,202300000129
2024,IT,202300000225
2024,IT,202300000132
2024,IT,202300000123
2024,IT,202300000177
2024,IT,202300000234
2024,IT,202300000180
2024,IT,202300000141
2024,IT,202300000222
2024,IT,202300000156
2024,IT,202300000162
2024,IT,202300000072
2024,IT,202300000144
2024,IT,202300000147
2024,IT,202300000546
2024,IT,202300000150
2024,IT,202300000066
2024,IT,202300000159
2024,IT,202300000069
2024,IT,202300000093
2024,IT,202300000087
2024,IT,202300000102
2024,IT,202300000312
2024,IT,202300000321
2024,IT,202300000081
2024,IT,202300000324
2024,IT,202300000096
2024,IT,202300000024
2024,IT,202300000021
2024,IT,202300000405
2024,IT,202300000297
2024,IT,202300000033
2024,IT,202300000111
2024,IT,202300000036
2024,IT,202300000294
2024,IT,202300000285
2024,IT,202300000030
2024,IT,202300000291
2024,IT,202300000288
2024,IT,202300000282
2024,IT,202300000309
2024,IT,202300000279
2024,IT,202300000036
2024,IT,202300000012
2024,IT,202300000027
2024,IT,202300000033
2024,IT,202300000201
2024,IT,202300000729
2024,IT,202300000174
2024,IT,202300000192
2024,IT,202300000198
2024,IT,202300000189
2024,IT,202300000246
2024,IT,202300000276
2024,IT,202300001161
2024,IT,202300000240
2024,IT,202300001158
2024,IT,202300000750
2024,IT,202300000045
2024,IT,202300000204
2024,IT,202300000885
2024,IT,202300000243
2024,IT,202300000255
2024,IT,202300000261
2024,IT,202300000273
2024,IT,202300000057
2024,IT,202300000210
2024,IT,202300000258
2024,IT,202300000054
2024,IT,202300000264
2024,IT,202300000060
2024,IT,202300000120
2024,IT,202300001041
2024,IT,202300000168
2024,IT,202300000216
2024,IT,202300000213
2024,IT,202300000252
2024,IT,202300000138
2024,IT,202200019071
2024,MY,203656
2024,MY,203586
2024,MY,203588
2024,MY,203924
2024,MY,203931
2024,MY,203515
2024,MY,203918
2024,MY,203891
2024,MY,203929
2024,MY,203930
2024,MY,203851
2024,MY,204012
2024,MY,203932
2024,MY,203881
2024,MY,203943
2024,MY,203840
2024,MY,203839
2024,MY,203878
2024,MY,203922
2024,MY,203835
2024,MY,203902
2024,MY,203747
2024,MY,204005
2024,MY,203714
2024,MY,203876
2024,MY,203838
2024,MY,203934
2024,MY,204011
2024,MY,203837
2024,MY,203919
2024,MY,203961
2024,MY,203883
2024,MY,203921
2024,MY,203877
2024,MY,204009
2024,MY,203865
2024,MY,203959
2024,MY,204007
2024,MY,204008
2024,MY,203879
2024,MY,203898
2024,MY,203859
2024,MY,203704
2024,MY,203947
2024,MY,203900
2024,MY,203836
2024,MY,203868
2024,MY,203832
2024,MY,203972
2024,MY,203939
2024,MY,203598
2024,MY,203815
2024,MY,203846
2024,MY,203896
2024,MY,203817
2024,MY,203974
2024,MY,203849
2024,MY,203955
2024,MY,203668
2024,MY,203845
2024,MY,203667
2024,MY,203897
2024,MY,203852
2024,MY,203841
2024,MY,203864
2024,MY,203843
2024,MY,203899
2024,MY,203936
2024,MY,203822
2024,MY,203946
2024,MY,203892
2024,MY,203890
2024,MY,203800
2024,MY,203949
2024,MY,203975
2024,MY,203802
2024,MY,203882
2024,JP,WO2024176947
2024,JP,WO2024177146
2024,JP,WO2024177145
2024,JP,WO2024176880
2024,JP,WO2024176489
2024,JP,WO2024176745
2024,JP,WO2024176788
2024,JP,WO2024172088
2024,JP,WO2024172161
2024,JP,WO2024176380
2024,JP,WO2024171772
2024,JP,WO2024171630
2024,JP,WO2024171492
2024,JP,WO2024171497
2024,JP,WO2024171318
2024,JP,WO2024162442
2024,JP,WO2024162441
2024,JP,WO2024162209
2024,JP,WO2024162207
2024,JP,WO2024161535
2024,JP,WO2024157946
2024,JP,WO2024171848
2024,JP,WO2024157819
2024,JP,WO2024157519
2024,JP,WO2024176356
2024,JP,WO2024171937
2024,JP,WO2024171773
2024,JP,WO2024157827
2024,JP,WO2024171238
2024,JP,WO2024157892
2024,JP,WO2024166317
2024,JP,WO2024162446
2024,JP,WO2024161774
2024,JP,WO2024161554
2024,JP,WO2024171343
2024,JP,WO2024176424
2024,JP,WO2024176581
2024,JP,WO2024166467
2024,JP,WO2024171837
2024,JP,WO2024171241
2024,JP,WO2024172045
2024,JP,WO2024166493
2024,JP,WO2024166494
2024,JP,WO2024166492
2024,JP,WO2024171667
2024,JP,WO2024161679
2024,JP,WO2024161572
2024,JP,WO2024162169
2024,JP,WO2024157326
2024,JP,WO2024161591
2024,JP,WO2024161532
2024,JP,WO2024158024
2024,JP,WO2024171815
2024,JP,WO2024177122
2024,JP,WO2024157350
2024,JP,WO2024171817
2024,JP,WO2024166460
2024,JP,WO2024162271
2024,JP,WO2024166812
2024,JP,WO2024166341
2024,JP,WO2024176384
2024,JP,WO2024161446
2024,JP,WO2024166279
2024,JP,WO2024161631
2024,JP,WO2024161575
2024,JP,WO2024157354
2024,JP,WO2024166150
2024,JP,WO2024161546
2024,JP,WO2024176520
2024,JP,WO2024176332
2024,JP,WO2024176506
2024,JP,WO2024166148
2024,JP,WO2024161617
2024,JP,WO2024157303
2024,JP,WO2024161451
2024,JP,WO2024162032
2024,NO,20230140
2024,IT,202300000393
2024,IT,202300000534
2024,IT,202300002190
2024,IT,202300000528
2024,IT,202300000540
2024,IT,202300000537
2024,IT,202300001746
2024,IT,202300000495
2024,IT,202300000480
2024,IT,202300000456
2024,IT,202300000339
2024,IT,202300002061
2024,IT,202300000438
2024,IT,202300000420
2024,IT,202300002013
2024,IT,202300000645
2024,IT,202300000633
2024,IT,202300000648
2024,IT,202300000408
2024,IT,202300000555
2024,IT,202300000639
2024,IT,202300000552
2024,IT,202300001695
2024,IT,202300000396
2024,IT,202300000405
2024,IT,202300000384
2024,IT,202300001962
2024,IT,202300000492
2024,IT,202300000489
2024,IT,202300000402
2024,IT,202300000417
2024,IT,202300000399
2024,IT,202300000720
2024,IT,202300000459
2024,IT,202300000462
2024,IT,202300002304
2024,IT,202300000474
2024,IT,202300000573
2024,IT,202300000579
2024,IT,202300000576
2024,IT,202300000441
2024,IT,202300000471
2024,IT,202300000588
2024,IT,202300000468
2024,IT,202300000582
2024,IT,202300000585
2024,IT,202300000450
2024,IT,202300000660
2024,IT,202300000726
2024,IT,202300003204
2024,IT,202300000372
2024,IT,202300000729
2024,IT,202300000723
2024,IT,202300000714
2024,IT,202300000375
2024,IT,202300000663
2024,IT,202300003519
2024,IT,202300000447
2024,IT,202300000735
2024,IT,202300000750
2024,IT,202300000744
2024,IT,202300000738
2024,IT,202300000381
2024,IT,202300000624
2024,IT,202300000429
2024,IT,202300000432
2024,IT,202300000627
2024,IT,202300000570
2024,IT,202300000504
2024,IT,202300002751
2024,IT,202300000606
2024,IT,202300000618
2024,IT,202300000543
2024,IT,202300002862
2024,IT,202300000591
2024,IT,202300002637
2024,IT,202300002376
2024,IT,202300000516
2024,IT,202300000519
2024,IT,202300000603
2024,IT,202300000612
2024,IT,202300000594
2024,IT,202300000630
2024,IT,202300002799
2024,IT,202300000615
2024,IT,202300000675
2024,IT,202300002529
2024,IT,202300000666
2024,IT,202300000657
2024,IT,202300000672
2024,IT,202300000621
2024,IT,202300000702
2024,IT,202300000687
2024,IT,202300000654
2024,IT,202300000681
2024,IT,202300000705
2024,IT,202300000699
2024,IT,202300000708
2024,IT,202300000747
2024,IT,202300003009
2024,IT,202300002079
2024,IT,202300000678
2024,IT,202300000711
2024,IT,202300002088
2024,IT,202300000564
2024,IT,202300000363
2024,IT,202300000357
2024,IT,202300000117
2024,IT,202300000765
2024,IT,202300000342
2024,IT,202300000438
2024,IT,202300000567
2024,IT,202300000717
2024,IT,202300000756
2024,IT,202300000774
2024,IT,202300000786
2024,IT,202300000558
2024,IT,202300000453
2024,IT,202300000561
2024,IT,202300000549
2024,IT,202300000444
2024,IT,202300000780
2024,IT,202300000414
2024,IT,202300002154
2024,IT,202300001662
2024,IT,202300000354
2024,IT,202300000348
2024,IT,202300000345
2024,IT,202300000360
2024,JP,WO2024189686
2024,JP,WO2024185645
2024,JP,WO2024185073
2024,JP,WO2024185502
2024,JP,WO2024185022
2024,JP,WO2024180925
2024,JP,WO2024180582
2024,JP,WO2024185013
2024,JP,WO2024189736
2024,JP,WO2024195347
2024,JP,WO2024195017
2024,JP,WO2024195045
2024,JP,WO2024190219
2024,JP,WO2024194913
2024,JP,WO2024194960
2024,JP,WO2024195005
2024,JP,WO2024195117
2024,JP,WO2024185689
2024,JP,WO2024189817
2024,JP,WO2024185654
2024,JP,WO2024185347
2024,JP,WO2024184985
2024,JP,WO2024184953
2024,JP,WO2024189873
2024,JP,WO2024195336
2024,JP,WO2024189687
2024,JP,WO2024189909
2024,JP,WO2024189705
2024,JP,WO2024181282
2024,JP,WO2024189706
2024,JP,WO2024185273
2024,JP,WO2024181393
2024,JP,WO2024195811
2024,JP,WO2024185129
2024,JP,WO2024195813
2024,JP,WO2024185525
2024,JP,WO2024185740
2024,JP,WO2024185817
2024,JP,WO2024180670
2024,JP,WO2024185818
2024,JP,WO2024180740
2024,JP,WO2024195072
2024,JP,WO2024180597
2024,JP,WO2024185004
2024,JP,WO2024185128
2024,JP,WO2024195666
2024,JP,WO2024190227
2024,JP,WO2024189802
2024,IT,202300000927
2024,IT,202300000948
2024,IT,202300000945
2024,IT,202300000921
2024,IT,202300000951
2024,IT,202300000864
2024,IT,202300000942
2024,IT,202300001023
2024,IT,202300000855
2024,IT,202300000852
2024,IT,202300001029
2024,IT,202300000849
2024,IT,202300001020
2024,IT,202300001131
2024,IT,202300001110
2024,IT,202300000933
2024,IT,202300001170
2024,IT,202300001032
2024,IT,202300000879
2024,IT,202300000954
2024,IT,202300000939
2024,IT,202300001128
2024,IT,202300001176
2024,IT,202300001173
2024,IT,202300005562
2024,IT,202300001125
2024,IT,202300001047
2024,IT,202300001188
2024,IT,202300001179
2024,IT,202300001209
2024,IT,202300001200
2024,IT,202300001215
2024,IT,202300001167
2024,IT,202300001041
2024,IT,202300001011
2024,IT,202300001044
2024,IT,202300001206
2024,IT,202300000882
2024,IT,202300001182
2024,IT,202300001137
2024,IT,202300001164
2024,IT,202300001134
2024,IT,202300001140
2024,IT,202300001212
2024,IT,202300001146
2024,IT,202300001218
2024,IT,202300001203
2024,IT,202300000888
2024,IT,202300001143
2024,IT,202300001155
2024,IT,202300001158
2024,IT,202300000891
2024,IT,202300000885
2024,IT,202300001191
2024,IT,202300000816
2024,IT,202300006048
2024,IT,202300001314
2024,IT,202300001290
2024,IT,202300001104
2024,IT,202300001236
2024,IT,202300001107
2024,IT,202300005220
2024,IT,202300001233
2024,IT,202300001242
2024,IT,202300001239
2024,IT,202300001221
2024,IT,202300000918
2024,IT,202300000903
2024,IT,202300001305
2024,IT,202300001311
2024,IT,202300000972
2024,IT,202300000897
2024,IT,202300004296
2024,IT,202300000978
2024,IT,202300000975
2024,IT,202300000957
2024,IT,202300000669
2024,IT,202300000915
2024,IT,202300000969
2024,IT,202300000960
2024,IT,202300001299
2024,IT,202300000966
2024,IT,202300003978
2024,IT,202300000999
2024,IT,202300001005
2024,IT,202300001008
2024,IT,202300001002
2024,IT,202300001017
2024,IT,202300000870
2024,IT,202300000996
2024,IT,202300001014
2024,IT,202300000993
2024,IT,202300001284
2024,IT,202300001068
2024,IT,202300001089
2024,IT,202300001077
2024,IT,202300001083
2024,IT,202300001080
2024,IT,202300000807
2024,IT,202300001260
2024,IT,202300001278
2024,IT,202300001185
2024,IT,202300000846
2024,IT,202300000801
2024,IT,202300001086
2024,IT,202300001293
2024,IT,202300000843
2024,IT,202300000810
2024,IT,202300001092
2024,IT,202300005070
2024,IT,202300000834
2024,IT,202300000798
2024,IT,202300000819
2024,IT,202300001287
2024,IT,202300000840
2024,IT,202300001575
2024,IT,202300001281
2024,IT,202300001059
2024,IT,202300003879
2024,IT,202300004509
2024,IT,202300000825
2024,IT,202300005844
2024,IT,202300005970
2024,IT,202300001275
2024,IT,202300001251
2024,IT,202300001248
2024,IT,202300001266
2024,IT,202300001230
2024,IT,202300001257
2024,IT,202300005913
2024,MY,204795
2024,MY,204970
2024,MY,204579
2024,MY,204990
2024,MY,204850
2024,MY,204790
2024,MY,204782
2024,MY,204953
2024,MY,204584
2024,MY,204571
2024,MY,204969
2024,MY,204682
2024,MY,205025
2024,MY,204829
2024,MY,204935
2024,MY,204963
2024,MY,204591
2024,MY,204683
2024,MY,204982
2024,MY,204922
2024,MY,204913
2024,MY,205018
2024,MY,204534
2024,MY,204791
2024,MY,204926
2024,MY,205053
2024,MY,204689
2024,MY,204848
2024,JP,WO2024214723
2024,JP,WO2024214785
2024,JP,WO2024214722
2024,JP,WO2024214398
2024,JP,WO2024219406
2024,JP,WO2024214203
2024,JP,WO2024224500
2024,JP,WO2024214131
2024,JP,WO2024210203
2024,JP,WO2024214162
2024,JP,WO2024219432
2024,JP,WO2024214824
2024,JP,WO2024210205
2024,JP,WO2024210110
2024,JP,WO2024218961
2024,JP,WO2024203017
2024,JP,WO2024218959
2024,JP,WO2024201918
2024,JP,WO2024201936
2024,JP,WO2024214819
2024,JP,WO2024214788
2024,JP,WO2024214822
2024,JP,WO2024214821
2024,JP,WO2024214818
2024,JP,WO2024214820
2024,JP,WO2024201863
2024,JP,WO2024219493
2024,JP,WO2024218983
2024,JP,WO2024224461
2024,JP,WO2024218906
2024,JP,WO2024202019
2024,JP,WO2024214166
2024,JP,WO2024218876
2024,JP,WO2024218860
2024,JP,WO2024209505
2024,JP,WO2024201969
2024,JP,WO2024201730
2024,JP,WO2024201861
2024,JP,WO2024225295
2024,JP,WO2024225056
2024,JP,WO2024224892
2024,IT,202300001512
2024,IT,202300001707
2024,IT,202300001698
2024,IT,202300001704
2024,IT,202300001689
2024,IT,202300001335
2024,IT,202300001296
2024,IT,202300001701
2024,IT,202300001719
2024,IT,202300001329
2024,IT,202300001353
2024,IT,202300001362
2024,IT,202300001302
2024,IT,202300001338
2024,IT,202300001407
2024,IT,202300001530
2024,IT,202300001422
2024,IT,202300001413
2024,IT,202300001536
2024,IT,202300001746
2024,IT,202300001419
2024,IT,202300001404
2024,IT,202300001425
2024,IT,202300001479
2024,IT,202300001635
2024,IT,202300001473
2024,IT,202300001518
2024,IT,202300001521
2024,IT,202300001455
2024,IT,202300001449
2024,IT,202300001443
2024,IT,202300001452
2024,IT,202300001458
2024,IT,202300001647
2024,IT,202300001653
2024,IT,202300001638
2024,IT,202300001716
2024,IT,202300001506
2024,IT,202300001740
2024,IT,202300001515
2024,IT,202300001464
2024,IT,202300001713
2024,IT,202300001476
2024,IT,202300001398
2024,IT,202300001389
2024,IT,202300001386
2024,IT,202300001395
2024,IT,202300001374
2024,IT,202300001401
2024,IT,202300001356
2024,IT,202300001392
2024,IT,202300001734
2024,IT,202300001509
2024,IT,202300001584
2024,IT,202300001503
2024,IT,202300001617
2024,IT,202300001488
2024,IT,202300001626
2024,IT,202300001620
2024,IT,202300001632
2024,IT,202300001485
2024,IT,202300001440
2024,IT,202300001608
2024,IT,202300001494
2024,IT,202300001611
2024,IT,202300001347
2024,IT,202300007653
2024,IT,202300001758
2024,IT,202300001674
2024,IT,202300001599
2024,IT,202300001596
2024,IT,202300001587
2024,IT,202300001602
2024,IT,202300001686
2024,IT,202300001683
2024,IT,202300001665
2024,IT,202300001680
2024,IT,202300001677
2024,IT,202300001662
2024,IT,202300001659
2024,IT,202300001767
2024,IT,202300001752
2024,IT,202300001761
2024,IT,202300001431
2024,IT,202300001566
2024,IT,202300001557
2024,IT,202300001551
2024,IT,202300001563
2024,IT,202300001554
2024,IT,202300001548
2024,IT,202300007749
2024,IT,202300007635
2024,IT,202300006480
2024,IT,202300006963
2024,IT,202300006861
2024,IT,202300006960
2024,IT,202300008148
2024,IT,202300006150
2024,IT,202300007467
2024,IT,202300007377
2024,IT,202300007443
2024,IT,202300007743
2024,IT,202300007302
2024,JP,WO2024201617
2024,JP,WO2024201610
2024,JP,WO2024209572
2024,JP,WO2024203276
2024,JP,WO2024201584
2024,JP,WO2024201626
2024,JP,WO2024203828
2024,IL,315430
2024,JP,WO2024224462
2024,JP,WO2024204534
2024,JP,WO2024209564
2024,JP,WO2024202310
2024,JP,WO2024225331
2024,JP,WO2024225297
2024,JP,WO2024209558
2024,JP,WO2024225055
2024,JP,WO2024225035
2024,JP,WO2024209519
2024,JP,WO2024225487
2024,JP,WO2024225330
2024,JP,WO2024225147
2024,JP,WO2024225327
2024,JP,WO2024225328
2024,JP,WO2024203834
2024,JP,WO2024210037
2024,JP,WO2024225485
2024,JP,WO2024224794
2024,JP,WO2024225313
2024,JP,WO2024225340
2024,JP,WO2024224541
2024,JP,WO2024225465
2024,JP,WO2024225191
2024,JP,WO2024224697
2024,JP,WO2024224527
2024,JP,WO2024224597
2024,JP,WO2024224590
2024,JP,WO2024225484
2024,JP,WO2024225211
2024,JP,WO2024225410
2024,JP,WO2024225106
2024,JP,WO2024225107
2024,JP,WO2024225343
2024,JP,WO2024225392
2024,JP,WO2024225395
2024,JP,WO2024224674
2024,JP,WO2024224677
2024,JP,WO2024224939
2024,JP,WO2024225425
2024,JP,WO2024225246
2024,JP,WO2024225041
2024,JP,WO2024224537
2024,JP,WO2024224476
2024,JP,WO2024224444
2024,JP,WO2024225183
2024,JP,WO2024225155
2024,JP,WO2024225052
2024,JP,WO2024225054
2024,JP,WO2024224682
2024,JP,WO2024224683
2024,JP,WO2024224712
2024,JP,WO2024224588
2024,JP,WO2024225462
2024,JP,WO2024236690
2024,JP,WO2024242065
2024,JP,WO2024241416
2024,JP,WO2024242184
2024,JP,WO2024241458
2024,JP,WO2024241758
2024,JP,WO2024241427
2024,JP,WO2024241409
2024,JP,WO2024242030
2024,JP,WO2024241996
2024,JP,WO2024241622
2024,JP,WO2024241433
2024,JP,WO2024241719
2024,JP,WO2024242068
2024,JP,WO2024241805
2024,JP,WO2024241578
2024,JP,WO2024241516
2024,JP,WO2024241460
2024,JP,WO2024242010
2024,JP,WO2024241442
2024,JP,WO2024242192
2024,JP,WO2024241645
2024,JP,WO2024242029
2024,JP,WO2024241769
2024,JP,WO2024241417
2024,JP,WO2024237151
2024,JP,WO2024237063
2024,JP,WO2024237124
2024,JP,WO2024236749
2024,JP,WO2024236791
2024,JP,WO2024237288
2024,JP,WO2024232281
2024,JP,WO2024237282
2024,JP,WO2024237292
2024,JP,WO2024236671
2024,JP,WO2024236995
2024,JP,WO2024237314
2024,JP,WO2024236766
2024,JP,WO2024236827
2024,JP,WO2024236851
2024,JP,WO2024236692
2024,JP,WO2024236746
2024,JP,WO2024237052
2024,JP,WO2024236664
2024,JP,WO2024236860
2024,JP,WO2024236642
2024,IT,202300002073
2024,IT,202300002211
2024,IT,202300002214
2024,IT,202300002226
2024,IT,202300002220
2024,IT,202300002217
2024,IT,202300002229
2024,IT,202300002280
2024,IT,202300002277
2024,IT,202300002301
2024,IT,202300002190
2024,IT,202300002274
2024,IT,202300002511
2024,IT,202300002295
2024,IT,202300002292
2024,IT,202300002310
2024,IT,202300001833
2024,IT,202300002199
2024,IT,202300002196
2024,IT,202300001914
2024,IT,202300002313
2024,IT,202300001896
2024,IT,202300001911
2024,IT,202300002064
2024,IT,202300001887
2024,IT,202300001893
2024,IT,202300002304
2024,IT,202300002079
2024,IT,202300001905
2024,IT,202300001935
2024,IT,202300001902
2024,IT,202300001920
2024,IT,202300002193
2024,IT,202300002067
2024,IT,202300002298
2024,IT,202300001878
2024,IT,202300001875
2024,IT,202300002307
2024,IT,202300002061
2024,IT,202300002202
2024,IT,202300001917
2024,IT,202300001932
2024,IT,202300002205
2024,IT,202300001941
2024,IT,202300002118
2024,IT,202300002154
2024,IT,202300002094
2024,IT,202300002184
2024,IT,202300002139
2024,IT,202300002136
2024,IT,202300002127
2024,IT,202300002106
2024,IT,202300002082
2024,IT,202300002181
2024,IT,202300002133
2024,IT,202300002142
2024,IT,202300002172
2024,IT,202300002187
2024,IT,202300002160
2024,IT,202300002163
2024,IT,202300002100
2024,IT,202300001776
2024,IT,202300001803
2024,IT,202300001770
2024,IT,202300001788
2024,IT,202300002115
2024,IT,202300001785
2024,IT,202300001743
2024,IT,202300002088
2024,IT,202300001797
2024,IT,202300002112
2024,IT,202300002109
2024,IT,202300002097
2024,IT,202300002121
2024,IT,202300001968
2024,IT,202300001956
2024,IT,202300002040
2024,IT,202300002034
2024,IT,202300002043
2024,IT,202300010122
2024,IT,202300001860
2024,IT,202300001872
2024,IT,202300002271
2024,IT,202300002250
2024,IT,202300002001
2024,IT,202300001974
2024,IT,202300001971
2024,IT,202300001980
2024,IT,202300002247
2024,IT,202300002262
2024,IT,202300001983
2024,IT,202300001851
2024,IT,202300002007
2024,IT,202300002253
2024,IT,202300002232
2024,IT,202300002244
2024,IT,202300001998
2024,IT,202300001839
2024,IT,202300001995
2024,IT,202300001944
2024,IT,202300002019
2024,IT,202300001845
2024,IT,202300001848
2024,IT,202300002022
2024,IT,202300001842
2024,IT,202300002016
2024,IT,202300001809
2024,IT,202300001359
2024,IT,202300001371
2024,IT,202300001821
2024,IT,202300001365
2024,IT,202300001812
2024,IT,202300001827
2024,IT,202300002052
2024,IT,202300001368
2024,IT,202300002049
2024,IT,202300002055
2024,IT,202300009171
2024,IT,202300009267
2024,IT,202300008799
2024,IT,202300008964
2024,IT,202300008592
2024,IT,202300008013
2024,IT,202300010482
2024,IT,202300009834
2024,IT,202300009138
2024,IT,202300010161
2024,IT,202300010722
2024,IT,202300008511
2024,IT,202300009918
2024,JP,WO2024236978
2024,JP,WO2024232300
2024,JP,WO2024232413
2024,JP,WO2024232261
2024,JP,WO2024232162
2024,JP,WO2024232121
2024,JP,WO2024232064
2024,JP,WO2024232370
2024,JP,WO2024232065
2024,JP,WO2024232411
2024,JP,WO2024232203
2024,JP,WO2024231989
2024,JP,WO2024232222
2024,JP,WO2024232148
2024,JP,WO2024232146
2024,JP,WO2024237280
2024,JP,WO2024228313
2024,JP,WO2024228273
2024,JP,WO2024228274
2024,JP,WO2024228275
2024,JP,WO2024228276
2024,JP,WO2024236941
2024,JP,WO2024236930
2024,JP,WO2024237118
2024,MX,2024013044
2024,MX,2024013052
2024,MX,2024013045
2024,MX,2024013168
2024,MX,2024013050
2024,MX,2024013165
2024,IT,202300002157
2024,IT,202300002151
2024,IT,202300002286
2024,IT,202300001989
2024,IT,202300001461
2024,IT,202300001986
2024,IT,202300001908
2024,IT,202300006864
2024,IT,202300010260
2024,IT,202300000924
2024,IT,202300000387
2024,IT,202300002319
2024,IT,202300002337
2024,IT,202300002268
2024,IT,202300002325
2024,IT,202300002316
2024,IT,202300002328
2024,IT,202300002340
2024,IT,202300010866
2024,FI,U20240101
2024,FI,20246506
2024,MX,2024013282
2024,MX,2024013643
2024,MX,2024013633
2024,MX,2024013598
2024,MX,2024013664
2024,MX,2024013649
2024,MX,2024013616
2024,MX,2024013597
2024,MX,2024013639
2024,MX,2024013627
2024,MX,2024013628
2024,MX,2024013514
2024,MX,2024013623
2024,MX,2024013646
2024,MX,2024013506
2024,MX,2024013524
2024,MX,2024013677
2024,MX,2024013673
2024,MX,2024013674
2024,MX,2024013504
2024,MX,2024013667
2024,MX,2024013663
2024,MX,2024013496
2024,MX,2024013644
2024,MX,2024013482
2024,MX,2024013656
2024,MX,2024013653
2024,MX,2024013477
2024,MX,2024013657
2024,MX,2024013613
2024,MX,2024013359
2024,MX,2024013560
2024,MX,2024013574
2024,MX,2024013607
2024,MX,2024013601
2024,MX,2024013608
2024,MX,2024013594
2024,MX,2024013529
2024,MX,2024013587
2024,MX,2024013487
2024,MX,2024013492
2024,MX,2024013590
2024,MX,2024013595
2024,MX,2024013497
2024,MX,2024013481
2024,MX,2024013645
2024,MX,2024013615
2024,MX,2024013603
2024,MX,2024013494
2024,MX,2024013579
2024,MX,2024013539
2024,MX,2024013588
2024,MX,2024013404
2024,MX,2024013479
2024,MX,2024013585
2024,MX,2024013401
2024,MX,2024013581
2024,MX,2024013393
2024,MX,2024013580
2024,MX,2024013468
2024,MX,2024013473
2024,MX,2024013573
2024,MX,2024013410
2024,MX,2024013399
2024,MX,2024013555
2024,MX,2024013475
2024,MX,2024013385
2024,MX,2024013553
2024,MX,2024013561
2024,MX,2024013464
2024,MX,2024013554
2024,MX,2024013466
2024,MX,2024013364
2024,MX,2024013392
2024,MX,2024013567
2024,MX,2024013374
2024,MX,2024013352
2024,MX,2024013408
2024,MX,2024013372
2024,MX,2024013369
2024,MX,2024013548
2024,MX,2024013455
2024,MX,2024013546
2024,MX,2024013498
2024,MX,2024013353
2024,MX,2024013351
2024,MX,2024013358
2024,MX,2024013520
2024,MX,2024013527
2024,MX,2024013521
2024,MX,2024013543
2024,MX,2024013447
2024,MX,2024013472
2024,MX,2024013433
2024,MX,2024013457
2024,MX,2024013429
2024,MX,2024013423
2024,MX,2024013458
2024,MX,2024013417
2024,MX,2024013444
2024,MX,2024013424
2024,MX,2024013420
2024,MX,2024013411
2024,MX,2024013450
2024,MX,2024013402
2024,MX,2024013448
2024,MX,2024013405
2024,MX,2024013445
2024,MX,2024013400
2024,MX,2024013432
2024,MX,2024013394
2024,MX,2024013430
2024,MX,2024013387
2024,MX,2024013440
2024,MX,2024013419
2024,MX,2024013403
2024,MX,2024013381
2024,MX,2024013368
2024,MX,2024013389
2024,MX,2024013376
2024,MX,2024013377
2024,MX,2024013233
2024,MX,2024013237
2024,MX,2024013331
2024,MX,2024013309
2024,MX,2024013316
2024,MX,2024013284
2024,MX,2024013273
2024,MX,2024013257
2024,MX,2024013262
2024,MX,2024013260
2024,MX,2024013225
2024,MX,2024013228
2024,MX,2024013231
2024,MX,2024013341
2024,MX,2024013345
2024,MX,2024013092
2024,MX,2024013339
2024,MX,2024013072
2024,MX,2024013333
2024,MX,2024013065
2024,MX,2024013323
2024,MX,2024013328
2024,MX,2024013322
2024,MX,2024013334
2024,MX,2024013315
2024,MX,2024013319
2024,MX,2024013318
2024,MX,2024013306
2024,MX,2024013291
2024,MX,2024013292
2024,MX,2024013281
2024,MX,2024013210
2024,MX,2024013302
2024,MX,2024013305
2024,MX,2024013174
2024,MX,2024013278
2024,MX,2024013272
2024,MX,2024013280
2024,MX,2024013214
2024,MX,2024013128
2024,MX,2024013196
2024,MX,2024013259
2024,MX,2024013254
2024,MX,2024013255
2024,MX,2024013243
2024,MX,2024013199
2024,MX,2024013200
2024,MX,2024013197
2024,MX,2024013209
2024,MX,2024013190
2024,MX,2024013134
2024,MX,2024013202
2024,MX,2024013189
2024,MX,2024012902
2024,MX,2024013122
2024,MX,2024013217
2024,MX,2024013186
2024,MX,2024013221
2024,MX,2024013180
2024,MX,2024013220
2024,MX,2024013184
2024,MX,2024012978
2024,MX,2024013218
2024,MX,2024013144
2024,MX,2024013110
2024,MX,2024013193
2024,MX,2024013136
2024,MX,2024012939
2024,MX,2024012946
2024,MX,2024012947
2024,MX,2024013195
2024,MX,2024012942
